﻿<?xml version="1.0" encoding="UTF-8" standalone="yes"?>
<addon id="repository.MegaBoxTV" name="MegaboxTV repository" version="0.0.2" provider-name="Gunboybr">
	<extension point="xbmc.addon.repository" name="MegaboxTV Add-on Repository">
		<info compressed="false">http://raw.github.com/Gunboybr/repository.MegaBoxTV/master/addons.xml</info>
		<checksum>http://raw.github.com/Gunboybr/repository.MegaBoxTV/master/addons.xml.md5</checksum>
		<datadir zip="true">http://raw.github.com/Gunboybr/repository.MegaBoxTV/master/repo/</datadir>
	</extension>
	<extension point="xbmc.addon.metadata">
		<summary>MegaboxTV Addon</summary>
		<description>Addon Description</description>
		<disclaimer></disclaimer>
		<platform>all</platform>
	</extension>
</addon>